Resource	Drugs
DrugCentral	Gilteritinib, Isoetharine, Metopimazine, Pipotiazine palmitate, Etoricoxib, Nandrolone decanoate, Esaxerenone, Naldemedine, Hydrocortisone acetate, Minoxidil, N-(2,6-Dichlorobenzylidene)-N'-amidinohydrazine, Regorafenib, Miglustat, Rufinamide, Etonogestrel, Propranolol, Bromocriptine, Lacidipine, Norephedrine, Pro-Air, Mezlocillin, Levothyroxine, Domperidone, Tolfenamic acid, Ulipristal, Ozanimod, Yohimbine, Mobocertinib, Mifepristone, Gabapentin, Niraparib, Lisinopril, Aprepitant, Moclobemide, Carmofur, Cytarabine, Alitretinoin, Tretinoin, Mibefradil, Azacitidine, Diphenhydramine, Sotorasib, Diphenidol, Methazolamide, Procyclidine, Hexocyclium, Triparanol, Indacaterol, Digitoxin, Ximelagatran, 1-O-(2-hydroxyethyl) 4-O-[(2S)-2,5,7,8-tetramethyl-2-[(4R,8R)-4,8,12-trimethyltridecyl]-3,4-dihydrochromen-6-yl] butanedioate, Meloxicam, Sultiame, Terguride, Droxidopa, Olmutinib, Fluorometholone acetate, Estradiol, Bosentan, Levorphanol, Nabumetone, Tiaprofenic acid, Triptorelin, Imipramine, 5-hydroxy-L-tryptophan, Desvenlafaxine, Nicardipine, Sulfadimethoxine, Tavaborole, Tioconazole, Tropicamide, Fentiazac, Anagrelide, Tramadol, Captopril, Umbralisib, Apraclonidine, Lasmiditan, Olodaterol, Dapiprazole, Fluoroestradiol F-18, Selpercatinib, Sibutramine, Pentagastrin, Oxyphenbutazone, Tibolone, Bietamiverine, Buserelin, Cerivastatin, Camostat, Adenosine monophosphate, Tolmetin, Selinexor, Diltiazem, Adenosine, Sulfaguanidine, Levobupivacaine, Estradiol benzoate, Navelbine, Abemaciclib, Dosulepin, Sincalide, Lenalidomide, Thiram, Tamoxifen, Betahistine, Clomipramine, Bopindolol, Azilsartan medoxomil, Dopamine, Ciclopirox, Flupirtine, Piretanide, Vorinostat, Pyrimethamine, Ripasudil, Lacosamide, Cabergoline, Darifenacin, Oxiconazole, Rilpivirine, Sulconazole, Promazine, Pindolol, Ribavirin, Corticorelin, Infigratinib, Nepafenac, Varenicline, Hydroxyprogesterone caproate, Daprodustat, Citalopram, Carbachol, Pridinol, Esflurbiprofen, Seratrodast, Phenyltoloxamine, Acrivastine, Amisulpride, Trimetrexate, Pipamperone, Acetoxolone, Fesoterodine, Estrone, Oxytocin, Papaverine, Triamcinolone, Sunitinib, Flunisolide, Tasimelteon, Mofezolac, Montelukast, Brotizolam, Fendiline, Tiapride, Hexamidine, Apleway, Trifarotene, Morphine, Olanzapine, Benzoic Acid, Bendroflumethiazide, Emetine, Thiethylperazine, Ifenprodil, Dexchlorpheniramine, Opipramol, maralixibat hydrochloride, Midodrine, Perindopril, Acenocoumarol, Casopitant, Secretin human, Lumacaftor, Telmisartan, Atogepant, Mestranol, Econazole, Midazolam, Peficitinib, Flucloxacillin, Retinyl acetate, Amphetamine, Dexamethasone phosphate, Dexmedetomidine, Bexarotene, Dacomitinib, Melatonin, Aliskiren, Phenazocine, Lenvatinib, Rabeprazole, Ergometrine, Parnate, Nicorandil, Gallamine, Quinapril, Olmesartan medoxomil, Vilanterol, Trimipramine, Desoxycorticosterone pivalate, Diosmetin, Difelikefalin, Trioxsalen, Methadone, Quinidex, Lasofoxifene, Orlistat, Bithionol, Halcinonide, Hydrocodone, Spirapril, Iloprost, Tiratricol, Omapatrilat, Nicotine, Fenoldopam, Venlafaxine, Siponimod, Tazemetostat, Liothyronine, Norethindrone acetate, Flufenamic acid, Abarelix, 9-Aminoacridine, Anastrozole, Azelastine, Cyclofenil, Carbetapentane, Ritodrine, Rotigotine, Eritoran, Sildenafil, Belotecan, gamma-Linolenic acid, Sotagliflozin, Quizartinib, Pizotifen, Fluvastatin, Atropine, Isotretinoin, Phenylbutazone, Fumagillin, Pramocaine, Tucatinib, Ospemifene, Histamine, Phenelzine, Cinnarizine, Raltitrexed, Bazedoxifene, Viloxazine, Cyproterone acetate, Megestrol acetate, Sonidegib, Simvastatin, Metaproterenol, Valdecoxib, Teduglutide, Dexloxiglumide, Clodronic Acid, Ketobemidone, Ebastine, Rolapitant, Alfuzosin, Chlorpromazine, Sirolimus, Doxazosin, Semaglutide, Risperidone, Carvedilol, Copanlisib, Dronedarone, Tiotropium bromide, Terodiline, Nifekalant, Mirtazapine, Dimethindene, Telaprevir, Liraglutide, Oxacillin, Ciclosporin, Roxatidine acetate, Pomalidomide, Diquafosol, Desoximetasone, Pemoline, Baclofen, Isoconazole, Pyrithione, Hexestrol, Ivacaftor, Apomorphine, Sacubitril, Raloxifene, Vildagliptin, Sitagliptin, Cilazapril, Hydrocortisone, Mesterolone, Entrectinib, Trimethoprim, Crizotinib, Fluxid, Meclofenamic acid, Benzthiazide, Diacerein, Opicapone, Baricitinib, Imrecoxib, Dolutegravir, Minodronic acid, Caramiphen, Efonidipine, Gossypol, Benzethonium, Pralatrexate, Bupropion, Triamcinolone acetonide, Incadronic acid, Miglitol, Pentostatin, N-[cis-3-[Methyl(7H-pyrrolo[2,3-d]pyrimidin-4-yl)amino]cyclobutyl]propane-1-sulfonamide, Paricalcitol, Lanreotide, Alfacalcidol, Moxonidine, Bosutinib, Binimetinib, Iloperidone, Topiramate, Triclosan, Cephapirin, Dexetimide, Phenmetrazine, Dobutamine, Finerenone, Nemorexant, Saralasin, Nintedanib, Tripelennamine, Tenapanor, Repaglinide, Silodosin, Suramin, Brigatinib, Rofecoxib, Zofenopril, Bupranolol, Pemetrexed, Nilutamide, Perhexiline, Levomepromazine, Mycophenolic acid, Trihexyphenidyl, Felbinac, Palbociclib, Almotriptan, Propantheline, Glycopyrrolate, Bortezomib, Flunitrazepam, Cortisone acetate, Prenalterol, Icotinib, Sulfadiazine, Bromfenac, Cinacalcet, Apalutamide, Brinzolamide, Leflunomide, Fluorometholone, Milnacipran, Acetanilide, Misoprostol, Amodiaquine, Talazoparib tosylate, Asciminib, Melperone, Lemborexant, Mefenamic acid, Nandrolone, Corgard, Felodipine, Levisoprenaline, Bumetanide, Mequitazine, Radotinib, Alpelisib, Ipidacrine, Lansoprazole, Paraoxon, Budipine, Ticagrelor, Eluxadoline, Benperidol, Clemastine, Tirabrutinib hydrochloride, Filgotinib, Lapatinib, Tapentadol, Bufuralol, Doxapram, Biperiden, Glyburide, Practolol, Rimegepant, Selumetinib, Ozagrel, Procainamide, Canagliflozin, Enarodustat, Dexamethasone valerate, Upadacitinib, Bergapten, Thioridazine, DTIC-Dome, Nortriptyline, Nitrofurantoin, Ethisterone, Gepirone, Amlexanox, Glutathione, Empagliflozin, Calcitriol, Mexiletine, Sulfaphenazole, Theophylline, Ergotamine, Bivalirudin, Propulsid, Aripiprazole lauroxil, Betrixaban, Terbinafine, Loxiglumide, Androstenediol, Istradefylline, Probenecid, Benzquinamide, Ranitidine, Droperidol, Mefloquine, Chlorambucil, Hyoscine, Nedocromil, Fimasartan, Phenoxybenzamine, Gentian violet, Adenosine-5'-triphosphate, Pyridostigmine, Itraconazole, Dronabinol, Fluticasone propionate, Primidone, Lindane, Ponatinib, Pirlindole, Calcipotriol, Paroxetine, Lifitegrast, Lumateperone, Dextroamphetamine, Finasteride, Udenafil, Erythromycin, Testosterone, Tacalcitol, Sumatriptan, Linaclotide, Bedaquiline, Duvelisib, Nalmefene, Tizanidine, Elobixibat, Bisoprolol, Galantamine, Bambuterol, Ceritinib, Argatroban, Ribociclib, Epalrestat, Entacapone, Chlorhexidine, Zafirlukast, Stilamin, Pioglitazone, Ciclesonide, Ibrutinib, Valproic acid, Chloropyramine, Pirenzepine, Canrenone, Saroglitazar, Dehydroepiandrosterone, Colforsin daropate, Bisacodyl, Tofisopam, Cilostazol, Verapamil, Dinoprost, Fluphenazine enanthate, Alizapride, Voriconazole, Nordazepam, Eledoisin, Nicotinic acid, Dofetilide, Celecoxib, Gemfibrozil, Choline fenofibrate, Thioguanine, Formestane, Sulfisoxazole, Ramosetron, Edrophonium, Voclosporin, Dabigatran etexilate, Betamethasone, Tertatolol, Androstenedione, Amitriptyline, Chlorpheniramine, Brivaracetam, Encorafenib, Pitolisant, Ritonavir, Fosinopril, Molindone, Acetylcholine, Darolutamide, Methoxsalen, Flurbiprofen, Dasiglucagon, Phentolamine, Gestrinone, Valbenazine, Loratadine, Tretoquinolum, Olaparib, Metizoline, Clonidine, Vandetanib, Enalaprilat, Degarelix, Crisaborole, Riociguat, Nitroxoline, Remikiren, Desloratadine, Ethylestrenol, Enprostil, Iprindole, Bromazine, Selexipag, Acarbose, Ingenol mebutate, Gabexate, Podofilox, Aripiprazole, Clorotepine, Etoposide, Flibanserin, Elliptinium, Carbetocin, Fentanyl, Meprobamate, Esatenolol, Belzutifan, Fosaprepitant, Maxacalcitol, Nefazodone, Thyropropic acid, Cilastatin, Lumiracoxib, Dexamethasone palmitate, Rasagiline, Hydrochlorothiazide, Dapoxetine, Dihydroergocristine, Nitrendipine, Masoprocol, Armodafinil, Nalfurafine, Desogestrel, Lofexidine, Teriflunomide, Brimonidine, Estetrol, Psma-hbed-cc ga-68, Hydroxyzine, Bremelanotide, Maraviroc, Pyrvinium, Gimeracil, Hydromorphone, Teneligliptin, Rupatadine, Penfluridol, Ipragliflozin, Olopatadine, Glycine, Cocaine, Osimertinib, Nomifensine, Nitisinone, Plecanatide, Tolperisone, Albiglutide, Benztropine, Methylene Blue, Dutasteride, Indomethacin, Benidipine, Capsaicin, Lobeglitazone, Prucalopride, Sulprostone, Epinephrine, Nimodipine, Fluspirilene, Ketotifen, calcitonin (salmon synthetic), Mirogabalin, Afamelanotide, Alpidem, Polmacoxib, Naloxone, flortaucipir (18F), Abaloparatide, Ketanserin, Zucapsaicin, Hyoscyamine, Methysergide, Reboxetine, Tramazoline, Alendronic acid, Dorzolamide, Tetrabenazine, Haloperidol, Alvimopan, Levocetirizine, Ethoxzolamide, Eseridine, Forteo, Levosulpiride, Protriptyline, Glucagon, Danazol, Apremilast, Uridine 5'-triphosphate, Lauric Acid, Talipexole, Lodoxamide, Letrozole, Antipyrine, Amoxapine, Naltrexone, Cicaprost, Fostamatinib, Solifenacin, Profenamine, Prednisolone, Umeclidinium, Sordinol, Tepotinib, Ibutilide, Homatropine, Dezocine, Rosuvastatin, Bromopride, Boceprevir, Estriol, Rivastigmine, Mometasone furoate, Octopamine, Vinblastine, Pimavanserin, Linagliptin, Elagolix, Docetaxel, Talinolol, Delapril, Betamethasone phosphate, Imidafenacin, Netupitant, Ganciclovir, Adinazolam, Xanomeline, Pyrovalerone, Spiperone, Mosapride, Pranlukast, Luseogliflozin, Telotristat ethyl, Trametinib, Ipratropium, Terazosin, Aclarubicin, Phenylephrine, Fluvoxamine, Thioproperazine, Bromhexine, Rivaroxaban, Sulfur, Glutamic Acid, Neratinib, vasopressin, Indoramin, Avanafil, Desipramine, Cycloguanil, Sulfisoxazole acetyl, Alogliptin, Amprenavir, Tucidinostat, Maprotiline, Methyltestosterone, Zotarolimus, Floctafenine, Betaxolol, (R,R)-asenapine, Mosapramine, Lofepramine, Hycanthone, Selegiline, Thalidomide, Tafamidis, Fenoxazoline, Gefitinib, Ramelteon, Lovastatin, Atosiban, Drospirenone, Diphenylpyraline, Amsacrine, Levobetaxolol, Molidustat, Reserpine, Alectinib, Medroxalol, Quetiapine, Moperone, Oxyphenonium, Dinoprostone, Anamorelin, Pralsetinib, Pexidartinib, Dimethyl fumarate, Indapamide, Cangrelor, Perlapine, Estradiol cypionate, Alosetron, Dexketoprofen, Vecuronium, Linolenic Acid, Atorvastatin, Tezacaftor, Dichlorphenamide, Pleconaril, Terconazole, Methscopolamine, Zolpidem, Amoxicillin, Sarpogrelate, Triprolidine, Apixaban, Propafenone, Hymecromone, Coumarin, Mitoxantrone, Suloctidil, Dexfenfluramine, Retigabine, N-benzyl-2-(5-(4-(2-morpholinoethoxy)phenyl)pyridin-2-yl)acetamide, Frovatriptan, Mafenide, Irinotecan, Dicumarol, Phosphoserine, Safinamide, Ketorolac, Vilazodone, Pasireotide, Clothiapine, Efavirenz, Fludarabine phosphate, Ambroxol, Vardenafil, Nalbuphine, Erlotinib, Sotalol, Linoleic Acid, Prazosin, Zileuton, Methylparaben, Zuclopenthixol, Tolterodine, Timolol, Tubocurarine chloride, Bicalutamide, Rimonabant, Macimorelin, Ciprofibrate, Beclomethasone dipropionate, Mazindol, Dihydroergotamine, Aldosterone, Metolazone, Fadrozole, Dexibuprofen, Isradipine, Niclosamide, Mupirocin, Mefuparib, Cobimetinib, Relugolix, Atenolol, Tolazoline, Norethindrone, Ripretinib, Pemigatinib, Dextromethorphan, Omarigliptin, Oxycodone, Losartan, Bropirimine, Oxprenolol, CID 83898, Oxymetazoline, Tolrestat, Neridronic acid, Omidenepag isopropyl, Esmolol, Promethazine, Budesonide, Perospirone, Oleic Acid, Diclofenac, Florbetaben F-18, Fedratinib, Aprindine, Diphenoxylate, Amifostine, Ambrisentan, Delgocitinib, Miconazole, Orphenadrine, Octreotide, Progesterone, Periciazine, Toliprolol, Mirabegron, Quercetin, Lysergide, Androstanolone, Trospium, Tolcapone, Thiabendazole, Nifedipine, Tacrolimus, Angiotensin II, Simeprevir, Metoclopramide, Etoperidone, Sufentanil, Tirilazad, Clopidogrel, Codeine, Triflupromazine, Nalorphine, Buprenorphine, Sulforidazine, Tropisetron, Byetta, Mepyramine, Decamethonium, Tivozanib, Mizolastine, Axitinib, Sinequan, Carbenoxolone, Milrinone, Mycophenolate mofetil, Palmitoylethanolamide, Meclizine, Troglitazone, Pimozide, Fluticasone furoate, Epinastine, Diflunisal, Carpipramine, Firazyr, Kainic acid, Xolegel, Enzalutamide, Diazepam, Pravastatin, Corticotropin, Ibandronic Acid, Dotinurad, Diethyldithiocarbamic acid, Orladeyo, Mitotane, Abiraterone acetate, Tadalafil, Polythiazide, alpha-Ergocryptine, Methylphenidate, Ertugliflozin, Troleandomycin, Atracurium, Dihydroergocryptine, Ubrogepant, Alcuronium, Fexofenadine, Eperisone, Dexrabeprazole, Fludrocortisone acetate, Ticlopidine, Rivizor, Prednisone, Eprosartan, Idoxuridine, Idelalisib, Tamibarotene, Butylphthalide, Topiroxostat, Atomoxetine, Urea, Cimetidine, Plerixafor, Ruxolitinib, Enoxolone, Ivosidenib, Istodax, Bupivacaine, Acetazolamide, Amiodarone, Sabcomeline, Glycyrrhizic acid, Tenidap, Carperitide, Risedronic acid, Sulfanilamide, Mepenzolate, Desmopressin, Emedastine, Domitroban, Evocalcet, Gemigliptin, Acalabrutinib, Buflomedil, Mebhydrolin, Midostaurin, Flumazenil, Dexniguldipine, Afatinib, Trabectedin, Zoledronic acid, Conivaptan, Clenbuterol, Migalastat, Oxaprozin, Lonafarnib, Benazepril, Treprostinil, Tolvaptan, 2-Amino-4-methylpyridine, Paliperidone, Naratriptan, Tamsulosin, Disulfiram, Racecadotril, Torsemide, Naproxen, Trichlormethiazide, 1H-Indole-3-carboxylic acid, octahydro-3-oxo-2,6-methano-2H-quinolizin-8-yl ester, stereoisomer, Sulpiride, Climbazole, inqovi, Chlordiazepoxide, Bepridil, Fenofibrate, Buspirone, Dydrogesterone, Proparacaine, Tolonium, Methocarbamol, Metergoline, Promegestone, Dantroleno, Chlorthalidone, Demeclocycline, Raltegravir, Intoplicine, Dapagliflozin, Naftopidil, Dequalinium, Dexmethylphenidate, Avapritinib, Bromperidol, Diroximel fumarate, Pemafibrate, Iodoquinol, Stallimycin, Edoxaban, Phencyclidine, Amperozide, Tipiracil, Methamphetamine, Brilliant Blue G, Rulide, Idebenone, Retinol, Ftivazide, Fluocinolone acetonide, Astemizole, aminobutyric acid, Tetracosactide, Ubenimex, Sertindole, Thioctic acid, Levomilnacipran, Zanubrutinib, Benzylsulfamide, Hexylresorcinol, Rilmenidine, Naftifine, Docosahexaenoic acid, Carfilzomib, Escitalopram, Labetalol, Clozapine, Obeticholic acid, Brexpiprazole, Ezetimibe, Indisetron, Sulindac, Metyrapone, C.I. Direct blue 53, Celiprolol, Difamilast, Pecazine, Hydroflumethiazide, Guanfacine, Aminopyrine, Clotrimazole, Dyclonine, Furosemide, Mecamylamine, Tetracaine, Cortexolone 17alpha-propionate, Fenoterol, Pentazocine, Parecoxib, Voglibose, Netarsudil, Zolmitriptan, Chlorprothixene, Granisetron, Carazolol, Naftidrofuryl, Palonosetron, Copper dotatate Cu-64, Cianidanol, Revefenacin, Dasatinib, Butorphanol, Onglyza, Haloprogin, Salmeterol, Latanoprost, Sertraline, Anthralin, Estriol succinate, Stanozolol, Lixisenatide, Cefsulodine, Mesoridazine, Fosnetupitant, Nilotinib, Adapalene, Warfarin, Lidoflazine, Paclitaxel, Rucaparib, Duloxetine, Testosterone propionate, Alprenolol, Meperidine, Iclaprim, Butenafine, Sitaxentan, Amlodipine, Eliglustat, Oxybutynin, Agomelatine, Donepezil, Evogliptin, Isoproterenol, Calcimar, Ioflupane I-123, Macitentan, Oxatomide, Dipyridamole, Fingolimod, Pipamazine, Forodesine, Norfloxacin, Methylprednisolone, Xylometazoline, Meptazinol, Pitavastatin, Epoprostenol, Levobunolol, Trelagliptin, Enasidenib, Hesperetin, Urapidil, (S)-Nitrendipine, Ramipril, Imatinib, Beta-Sitosterol, Indinavir, Haloperidol decanoate, Tacrine, Erdafitinib, Cannabidiol, Alprostadil, Nebivolol, Ajmaline, Zonisamide, Azasetron, Triclocarban, Tazarotene, Everolimus, Levonorgestrel, Vitamin A palmitate, Cyproheptadine, Brompheniramine, Zuclomiphene, Pafolacianine, Oliceridine, Lurasidone, Acetic Acid, Mirodenafil, Amantadine, Cyamemazine, Ibuprofen, Aclidinium bromide, Meglutol, Diethylstilbestrol, Lomitapide, Laropiprant, Acebutolol, Amiloride, Fluocinonide, Nabilone, Fluoxymesterone, Medroxyprogesterone, Nafamostat, Probucol, Etomidate, Trifluoperazine, Hydroquinone, Travoprost, Venetoclax, Ramatroban, Penbutolol, Taltirelin, Piribedil, Sorafenib, 2,4-Imidazolidinedione, 1-(((5-(4-chlorophenyl)-2-furanyl)methylene)amino)-3-(4-(4-methyl-1-piperazinyl)butyl)-, Valethamate, Dabrafenib, Loperamide, Cabozantinib, Flutemetamol F-18, Sivelestat, Zotepine, Perphenazine, Fondaparinux, Topotecan, Cephalothin, Levamfetamine, Physostigmine, Eszopiclone, Carprofen, Modafinil, Vosoritide, Pilocarpine, Brivudine, Oxymorphone, Roflumilast, Cetrorelix, Vorapaxar, florbetapir (18F), Dapsone, Levocabastine, Ibudilast, Avacopan, Ixazomib, Hydralazine, Levetiracetam, Benzbromarone, Nisoldipine, Mianserin, Bilastine, Chlorproethazine, Vortioxetine, Tandospirone, Hydroxychloroquine, Elexacaftor, Tiagabine, Levallorphan, Etilamfetamine, Edatrexate, Bifonazole, Protirelin, Methacholine, Odevixibat, Niflumic acid, Clobetasol propionate, Trazodone, Vadadustat, Mozavaptan, Ethinyl estradiol, Osilodrostat, Fasudil, Anagliptin, Quinacrine, DL-Adrenaline, Larotrectinib, Ruboxistaurin, Methylnaltrexone, Neostigmine, Fluphenazine, Lusutrombopag, Lorcaserin, Chloroquine, Glasdegib, Decitabine, Loxapine, Clidinium, Methotrexate, Candesartan cilexetil, Lisuride, Tofacitinib, Trifluperidol, Xamoterol, Lorlatinib, Pentamidine, Nafarelin, Formoterol, Eltrombopag, Nepinalone, Neomycin, Carteolol, Tyramine, Tasosartan, Gonadorelin, Dilazep, Nandrolone phenpropionate, Cholecalciferol, Pimecrolimus, Fulvestrant, Eplerenone, Sultopride, Aspirin, Flunarizine, Diflorasone diacetate, Flupentixol, Febuxostat, Vibegron, Spironolactone, Pazopanib, Prochlorperazine, Strychnine, Bendamustine, Doxorubicin, Naphazoline, Deoxycholic acid, Pregabalin, Flurandrenolide, Nizatidine, Velnacrine, Rosiglitazone, Fluoxetine, Vemurafenib, Chlorphentermine, Capmatinib, Terfenadine, Azacyclonol, Methylergonovine, Setmelanotide, Tiotixene, Cetilistat, Trandolapril, Ondansetron, Cinromide, Vismodegib, Arformoterol, Dicyclomine, Remoxipride, Irbesartan, Clebopride, Primaquine, Rutin, Metoprolol, Biriperone, Cicloprolol, Pergolide, Panobinostat, Cyclizine, Clemizole, Cariprazine, Trilaciclib, Vidarabine, Norepinephrine, Fluorosalan, Ziprasidone, Mestanolone, Dexamethasone, Noscapine, Ethambutol, Cetirizine, Chlormadinone, Pregnenolone succinate, Nemonapride, Ketoprofen, Eletriptan, Hexachlorophene, Moexipril, Prednisolone tebutate, Vinpocetine, 1H-Cyclopenta(b)benzofuran-5-butanoic acid, 2,3,3a,8b-tetrahydro-2-hydroxy-1-(3-hydroxy-4-methyl-1-octen-6-ynyl)-, Alfentanil, Eosin, Apatinib, Vancomycin, Cyclobenzaprine, Alexidine, Rizatriptan, Dibrompropamidine, Seractide, Ponesimod, Menadione, Tegaserod, Blonanserin, Pyrazinamide, Samidorphan, Methapyrilene, Clofarabine, Desoxycortone, Ropinirole, Sulfinpyrazone, Pramipexole, Salicylic Acid, Suvorexant, Pamidronic acid, Ridaforolimus, Belinostat, Leuprorelin
Schaefer et al. 2015	Meperidine, Prilocaine, adalimunab, Cyclophosphamide, Prednisone, trastuzumab, Celecoxib, Eprosartan, Phenytoin, S-adenosyl-L-methionine, Thiamphenicol, Phenprocoumon, Etoricoxib, Telmisartan, Theophylline, Plerixafor, Phenobarbital, Halofantrine, Ergotamine, Indomethacin, Minoxidil, Aliskiren, Omeprazole, Orphenadrine, Candesartan, Fingolimod, Chondroitin sulfate, Chlorpromazine, Rabeprazole, Felbamate, Ergometrine, Carbamazepine, Parnate, Efavirenz, Methylergonovine, Levetiracetam, infliximab, Clobazam, Mycophenolic acid, Ondansetron, Irbesartan, hyaluronic acid, Droperidol, D-Glucosamine, Metoclopramide, Primaquine, Ketamine, Clonazepam, Etretinate, Diazoxide, Doxycycline, Gabapentin, Clarithromycin, Mirtazapine, Minocycline, Codeine, Vigabatrin, hydrocordone, Phenindione, Fluindione, Pomalidomide, Lenalidomide, Clozapine, Allopurinol, Clomipramine, Cytarabine, Sulindac, Misoprostol, Sodium nitroprusside, Primidone, Icaridin, Kanamycin, Baclofen, Alitretinoin, Tretinoin, Paroxetine, Thalidomide, rituximab, Finasteride, Ioversol, Entecavir, Esomeprazole, Ethosuximide, Dihydroergotamine, Nandrolone, Chloramphenicol, Danazol, alprostdil, Fenoterol, omalizumab, Ritodrine, Meclizine, Eflornithine, Pentazocine, Parecoxib, Oxcarbazepine, Methimazole, Methotrexate, Acetaminophen, Hexachlorophene, Ibuprofen, Diethylstilbestrol, CID 146157396, Lansoprazole, Atenolol, Quinoline, Naproxen, Prednisolone, Synovex C, Methenolone, Carbimazole, Losartan, Benperidol, anthracycline, Sultiame, Bupropion, acenocomarol, Acitretin, Streptomycin, Valproic acid, Quinine, Isotretinoin, Montelukast, Phenylbutazone, Aminopterin, Sertraline, Bosentan, Oxaceprol, Clomiphene, Anthralin, Methylphenidate, Olmesartan, Cyproterone, Dantroleno, Promethazine, Potassium Iodide, Pantoprazole, Flucytosine, Aspirin, Olanzapine, Propofol, Warfarin, Valsartan, Topiramate, Nitrofurantoin, Thiethylperazine, Diethyltoluamide
Drugshot	Levamisole, Succinylcholine, Camptothecin, Phenytoin, 2,4-Dinitrophenol, Ganciclovir, Hydroxyprogesterone, Phenobarbital, Sevoflurane, Altrenogest, Rocuronium, Fluticasone, Propranolol, Bromocriptine, Cefazolin, Benzimidazole, 2-(Trimethylammonium)ethyl thiol, Levothyroxine, Dalcetrapib, Mycophenolic acid, Lactulose, Phenylephrine, Fluorouracil, 1,2,4-Triazole, Mannitol, Flunitrazepam, Prostavasin, Carbon Monoxide, Ciprofloxacin, Almasilate, 4-(4-Fluorophenyl)-2-(4-methylsulfinylphenyl)-5-(4-pyridyl)-1H-imidazole, Lisinopril, Leflunomide, Lithium carbonate, (5Z,8Z,11Z,14Z)-N-(4-hydroxyphenyl)icosa-5,8,11,14-tetraenamide, Cefuroxime, Cytarabine, Albendazole, 5'-Thymidylic acid, 3'-deoxy-, Sulfamethoxypyridazine, Acyclovir, Acetovanillone, 4-(1-Allyl-7-(trifluoromethyl)-1H-indazol-3-yl)benzene-1,3-diol, Mefenamic acid, Tretinoin, Thalidomide, Barium, Clofibrate, Furosemide, Lipoic acid, Azacitidine, Diphenhydramine, Ceftriaxone, Aminocaproic acid, Gefitinib, Bumetanide, Levisoprenaline, 1,3-Propanediol, Cytisine, Metformin, Canrenoic acid, Lovastatin, Ceftazidime, Azactam, Digoxigenin, Demecolcine, Cianidanol, 25-Hydroxycholesterol, 5'-Deoxy-5'-methylthioadenosine, Lamotrigine, Dinoprostone, Cadmium, 2-(2-Amino-3-methoxyphenyl)-4H-1-benzopyran-4-one, Piperacillin, Cyclopamine, Acrylic acid, Aminopterin, Estradiol, Bosentan, (2S)-2-amino-5-oxopentanoic acid, methyl 2-(1H-indole-3-carbonyl)thiazole-4-carboxylate, Vecuronium, Morpholine, Atorvastatin, Diprenorphine, Biotin, 1h-[1,2,4]Oxadiazolo[4,3-a]quinoxalin-1-one, Amoxicillin, Warfarin, Nitrofurantoin, Tazobactam, Cyclophosphamide, Cefamandole, Amlodipine, Hydroxyurea, Propafenone, Coumarin, Linezolid, Phenprocoumon, Remifentanil, Theophylline, N-(5-(((5-(1,1-Dimethylethyl)-2-oxazolyl)methyl)thio)-2-thiazolyl)-4-piperidinecarboxamide, alpha-Naphthoflavone, Bivalirudin, Candesartan, Pentoxifylline, Dipyridamole, Frovatriptan, 5-Bromo-2'-deoxyuridine, Irinotecan, Tyrphostin B42, (R)-Bicalutamide, Methylprednisolone, Efavirenz, Androstenediol, 4-Nitrocatechol, Iopromide, Ifosfamide, Cysteamine, Diltiazem, Diazoxide, Erlotinib, Benzyl benzoate, Levobupivacaine, Albendazole oxide, Butylamine, Dibutyl phthalate, Nitric oxide, Glyceryl palmitate, 5-Amino-2-Methyl-N-[(1r)-1-Naphthalen-1-Ylethyl]benzamide, Lenalidomide, Tamoxifen, Itraconazole, O-Methylhydroxylamine, Clomipramine, Cannabidiol, L-ornithine, Acetylleucyl-leucyl-norleucinal, Benserazide, Ajmaline, Primidone, Zonisamide, Cobalt, Bromoform, Ethylenediamine, Sulfameter, Abacavir, Carbidopa, Paroxetine, Cabergoline, Dextroamphetamine, beta-Hydroxyisovaleric acid, Dihydroergotamine, Ethosuximide, Isoflurane, 7-Nitroindazole, 3,4-Diaminopyridine, Amantadine, Cotinine, 1,2-Dimethoxyethane, 3-Methyl-2-oxobutanoic acid, Oxcarbazepine, Acetaminophen, Lanosterol, Ibuprofen, Citalopram, Diethylstilbestrol, Streptozotocin, Carbachol, Amiloride, Bisoprolol, Atenolol, Dichloroacetic acid, Fluconazole, Chlorhexidine, 4-Hydroxy-2-butanone, Amikacin, 4-Nitrophenyl phosphate, Losartan, Sulfathiourea, Orotic acid, Acitretin, Clavulanic acid, Valproic acid, Methylmalonic acid, Nitroglycerin, (6R)-5,10-Methylenetetrahydrofolate, 5-Oxo-Pyrrolidine-2-Carbaldehyde, Bisacodyl, Etanidazole, Iohexol, Esmolol, Aminophylline, Verapamil, Dabigatran, Phenylmethylsulfonyl fluoride, D-Monapterin, Morphine, 4-(2-Aminoethyl)benzenesulfonyl fluoride, Olanzapine, Propofol, L-Argininosuccinic acid, Diclofenac, 4-Hydroxybutanoic acid, Levomefolic acid, Diatrizoic acid, Nicotinic acid, Dofetilide, Azithromycin, Amifostine, Celecoxib, Ambrisentan, Acenocoumarol, Midazolam, Amphetamine, 2-Methoxyethanol, Dexmedetomidine, Bexarotene, Betamethasone, 2-(4-Morpholinyl)-8-phenyl-4H-1-benzopyran-4-one, Aliskiren, Androstenedione, Amitriptyline, Glutaraldehyde, Bicuculline, Adenosine-3'-5'-diphosphate, Dihydrouracil, Benzbromarone, 1-(2,4-Dichlorophenyl)-5-(4-iodophenyl)-4-methyl-N-4-morpholinyl-1H-pyrazole-3-carboxamide, Cycloleucine, Benzoyl Peroxide, Methadone, Metoclopramide, Clonidine, Clonazepam, Homogentisic acid, alpha-L-idopyranuronic acid, Ampicillin, Pipecuronium, Cyanamide, Diethylpropion, Clopidogrel, Codeine, 2'-Deoxyguanosine-5'-triphosphate, Hydrocodone, Methacholine, Imipenem, Acarbose, Liothyronine, Desflurane, Fasudil, Podofilox, Aripiprazole, Milrinone, Etoposide, 2-(N-Morpholino)-ethanesulfonic acid, Chloramphenicol, Anastrozole, Meropenem, 3,4-Methylenedioxymethamphetamine, Iopamidol, Phenylacetic acid, Fentanyl, Ephedrine, 4-Aminobenzoic acid, Decitabine, Diflunisal, Meprobamate, Methotrexate, Sildenafil, Aminohippuric acid, Isosorbide dinitrate, 2,5-Dimethoxy-4-methylamphetamine, Diazepam, Flecainide, Estropipate, Citrulline, 1-(5-Isoquinolinesulfonyl)-2-methylpiperazine, Tryptamine, Isotretinoin, Ascorbic Acid, Nandrolone phenpropionate, l-Alanyl-l-glutamine, Methaqualone, 1-Aminocyclopropanecarboxylic acid, 2-Methoxyestradiol, 3-Hydroxypropionic acid, Trimethyl glycine, Nitrazepam, Hydromorphone, Aspirin, BRD-K81647657, Prilocaine, Bazedoxifene, Ticlopidine, Dexpramipexole, Spironolactone, Ethanesulfonic acid, Prednisone, AICA ribonucleotide, Simvastatin, Ttnpb, Bethanechol, 3-O-Methyl-D-fructose, Doxorubicin, Sulfamethazine, Bupivacaine, Acetazolamide, L-Homocysteine, 7,12-Dimethylbenz[a]anthracene, Halothane, Amiodarone, Epinephrine, 5-Methyltetrahydrofolic acid, Doxazosin, Carbamazepine, Carvedilol, 1H-Indole-3-carboxylic acid, 1-methyl-, (1-(2-((methylsulfonyl)amino)ethyl)-4-piperidinyl)methyl ester, Carbendazim, Dronedarone, Propoxyphene, Caffeine, Metoprolol, Didanosine, Lorazepam, 4-Hydroxynonenal, Clarithromycin, Capecitabine, Flumazenil, Dextromethadone, (2R)-1-(2,6-dimethylphenoxy)propan-2-amine, Alendronic acid, Dihydrofolic acid, Haloperidol, Baclofen, beta-Alanine, 2'-Deoxyuridine, Cefotaxime, Pentetrazol, Dexamethasone, Digoxin, Iomeprol, 5-Iodotubercidin, Beta-Carotene, Apomorphine, Cortisone, Thiamylal, (R)-preclamol, Hydrocortisone, Artemisinin, Methimazole, Hexachlorophene, Enalapril, 2-[2-[4-(4-Nitrobenzyloxy)phenyl]ethyl]isothiourea mesylate, Busulfan, Alfentanil, Cefotiam, Vancomycin, Alprazolam, Carbimazole, Cyclobenzaprine, Tromethamine, Pexacerfont, Triclofos, TCDD-dioxin, Cephalexin, Estriol, 6-Chloro-2,3,4,5-tetrahydro-1-phenyl-1H-3-benzazepine-7,8-diol, Apstatin, BRD-A93048969, Pamidronic acid, O-Phospho-L-tyrosine, Capsazepine, Pancuronium
FAERS	Amlodipine, Propafenone, Prednisone, Oxybutynin, Phenytoin, Simvastatin, Donepezil, Theophylline, bevacizumab, Phenobarbital, Retinyl acetate, Dabigatran etexilate, Betamethasone, Rofecoxib, Progesterone, Octreotide, Chlorpheniramine, Thiamine, Temozolomide, Ritonavir, Nimodipine, Sirolimus, Fluoxetine, Valacyclovir, Carbamazepine, Levothyroxine, Ipratropium, Zidovudine, Levetiracetam, Carafate, botulinum toxin type A, Ondansetron, Vilanterol, Bortezomib, etanercept, Nevirapine, hyaluronic acid, Tacrolimus, Urapidil, Metoclopramide, tetrasodium;2-[5-acetamido-6-[4-[5-acetamido-6-[2-carboxylato-4,5-dihydroxy-6-[[3-hydroxy-4-(sulfonatoamino)-6,8-dioxabicyclo[3.2.1]octan-2-yl]oxy]oxan-3-yl]oxy-2-(hydroxymethyl)-4-methyloxan-3-yl]oxy-6-carboxylato-2,3-dihydroxycyclohexyl]oxy-4-hydroxy-2-(sulfooxymethyl)oxan-3-yl]oxy-3,4-dihydroxy-3,4-dihydro-2H-pyran-6-carboxylate, Metoprolol, Methyldopa, Ramipril, Rivaroxaban, Ampicillin, Desmopressin, Ciprofloxacin, Doxycycline, Stavudine, Clopidogrel, Darunavir, Escitalopram, Cyclizine, Cobicistat, Labetalol, Memantine, Epoetin alfa, Tamoxifen, Cefuroxime, Dihydralazine, Misoprostol, Alendronic acid, Venlafaxine, Fluticasone propionate, Zoledronic acid, Cyanocobalamin, Acyclovir, Baclofen, Tenofovir disoproxil, Levocetirizine, Cefotaxime, Dexamethasone, Levodopa, Abacavir, Atazanavir, Isoniazid, Lacosamide, Paroxetine, Mycophenolate mofetil, Thalidomide, Ethambutol, Magnesium Oxide, Emtricitabine, Tamsulosin, Pyridoxine, Metformin, Fluticasone furoate, Zinc Oxide, Methotrexate, Sildenafil, Folic Acid, Citalopram, Ceftazidime, galsulfase, Candesartan cilexetil, Insulin lispro, Enzalutamide, Rifampicin, Lopinavir, Torsemide, Algeldrate, Lamotrigine, Insulin aspart, Prednisolone, Lamivudine, Quetiapine, Lithium citrate, Nicotinamide, radium Ra 223 dichloride, Salmeterol, Fluvastatin, Sunitinib, Valproic acid, Levofloxacin, Ascorbic Acid, Abiraterone acetate, Endothal-disodium, Pyrazinamide, Sertraline, Manganese sulphate, Enoxaparin, Promethazine, alpha-Tocopherol acetate, Cholecalciferol, Riboflavin, Raltegravir, Rivastigmine, Atorvastatin, Morphine, Hydromorphone, Aspirin, Insulin human, Valsartan, Topiramate
National_Birth_Defects_Registry	Ammonium alginate, Meperidine, Nystatin, Diphenoxylate, Azithromycin, Prednisone, Prochlorperazine, oxymetazoline-menthol, Phenytoin, acetaminophen-dextromethorphan-doxylamine, Theophylline, Phenobarbital, Benztropine, Divalproex sodium, Sennosides, Fluticasone, Betamethasone, Sennoside, Amitriptyline, Propranolol, Doxylamine, Chlorpheniramine, Potassium bicarbonate, Epinephrine, Chlorpromazine, Hexamethyldisiloxane, Fluoxetine, Norfloxacin, Xylometazoline, Hydralazine, Carbamazepine, Levothyroxine, Terfenadine, proloid, Magaldrate, Ondansetron, mylanta, amoxicillin-clavulanate potassium, Thallium, Pseudoephedrine, osycodone-aspirin, Phenylephrine, Loratadine, Propoxyphene, Dicyclomine, Phentermine, Nifedipine, Hyoscine, Metoprolol, Methyldopa, Lorazepam, pseudoephedrine-phylephrine-dextromethorphan, Ampicillin, Aluminum hydroxide, phenylephrine-dextromethorphan, Gabapentin, Clarithromycin, Diethylpropion, Codeine, Sulfamethoxazole and trimethoprim, Hydrocodone, Dimenhydrinate, Chlorothiazide, Primidone, doxylamine-dicyclomine-pyridoxine, Haloperidol, Cefaclor, Sinequan, Digoxin, Tetracycline, acetaminophen-pheniramine-pheylephrine, Povidone iodine, Paroxetine, Clotrimazole, Calcium Carbonate, Cetirizine, Furosemide, Cillin, Human Menopausal Gonadotrophin, Promazine, Erythromycin, chlorpheniramine-phenylephrine, Ceftriaxone, Diphenhydramine, Meclizine, gilbenclamide, Hydroxyprogesterone caproate, Acetaminophen, Ibuprofen, Diethylstilbestrol, Bismuth subsalicylate, Sulfabenzamide, insulin, Salbutamol, Naproxen, Flavoxate, Medroxyprogesterone, Diazepam, Hydrochlorothiazide, Dextromethorphan, Emetrol, Mometasone, Terbutaline, Alprazolam, brompheniramine-dextromethorphan-phenylephrine, Cyclobenzaprine, Calcium, Trifluoperazine, Triamcinolone, Metronidazole, Bupropion, Chlordiazepoxide, Oxymetazoline, silicea, Medroxyprogesterone acetate, Isotretinoin, Saccharin, Methylcellulose, Estradiol, Sertraline, Clomiphene, Bisacodyl, Enoxaparin, Hydroxyzine, Beclomethasone, Promethazine, Cephalexin, Aspartame, Chlorpropamide, psyllium, dexbrompheniramine-pseudoephedrine, Imipramine, Cefadroxil, Morphine, Aspirin, Terconazole, Amoxicillin, Warfarin, Nitrofurantoin, dextromethorphan-chlorpheniramine maleate
De Santis et. al. 2004	Kanamycin, aminoptherine, Cyclophosphamide, Barbituric acid, Tetracycline, Coumarin, Iodine, Paramethadione, Streptomycin, Valproic acid, Thalidomide, Isotretinoin, Etretinate, Phenobarbital, aminoglycoside, Ergotamine, Methimazole, Benzodiazepine, Diethylstilbestrol, Retinol, Trimethadione, Penicillamine, Lithium, Busulfan, Carbamazepine, Misoprostol
Schaefer, 2011	Ethyl4-ethoxy-6-methylnicotinate, Acenocoumarol, Phenprocoumon, Isotretinoin, Warfarin, Phenindione, angiotensin II inhibitors, Fluindione, Thalidomide
Friedman et. al. 2011	Zoledronic acid, Dasatinib, Everolimus, Pitavastatin, Bortezomib, Dronedarone, Cabazitaxel, Pralatrexate, Abarelix, Pazopanib, Sunitinib, Lapatinib, Ambrisentan, Ulipristal, Tigecycline, Rosuvastatin, Degarelix, Azacitidine, biskalcitrate, Erlotinib, Imatinib, Bendamustine, Gefitinib, Plerixafor, Clofarabine, Mifepristone, Dutasteride, Sorafenib, Istodax, Ixabepilone, Temsirolimus, Miglustat, Aliskiren, Tesamorelin, Oxaliplatin, Nelarabine, Lenalidomide, Fulvestrant, Pemetrexed, Nilotinib, Voriconazole
FDA Category X	Bazedoxifene, Tazarotene, Levonorgestrel, Methylene Blue cation, Oxymetholone, Estropipate, BRD-A43286952, BRD-K72166146, Fluorouracil, Oxandrolone, Zuclomiphene, Phentermine, BRD-K38159897, Paroxetine, Acitretin, Fluvastatin, Valproic acid, Ethynodiol, Finasteride, Simvastatin, Mestranol, Orlistat, Rosuvastatin, Carboplatin, Danazol, Estradiol cypionate, BRD-A21490874, Tamsulosin, Anastrozole, Bosentan, Rilmenidine, Raloxifene, Inositol, Mifepristone, Lorcaserin, Ribavirin, Dutasteride, Dexnorgestrel acetime, Sitagliptin, Methysergide, Lovastatin, Methotrexate, Griseofulvin, Letrozole, BRD-K58836556, Lomitapide, Retinol, BRD-K70650177, Leflunomide, Ezetimibe, BRD-K82216340, Aspirin, Goserelin, Cerivastatin, Carvedilol, Misoprostol, BRD-K92073408, Pravastatin, Temazepam, Megestrol
FDA Category D	Topotecan, Docetaxel, Cyclophosphamide, Amlodipine, Hydroxyurea, Eprosartan, Mitoxantrone, Perindopril, Phenytoin, Midazolam, Telmisartan, Captopril, Thioguanine, Altretamine, Doxorubicin, Cladribine, Aliskiren, Amiodarone, Pentobarbital, Temozolomide, Fosinopril, candesartan-cilextil, Irinotecan, Propylthiouracil, Carbamazepine, BRD-A20239487, Efavirenz, Methoxsalen, Olmesartan medoxomil, Quinapril, Trandolapril, Fludarabine phosphate, Piroxicam, Daunorubicin, Ifosfamide, Bortezomib, Irbesartan, Diltiazem, Chlorambucil, Caffeine, Vandetanib, Enalaprilat, BRD-A41630653, Thiotepa, Clonazepam, Toremifene, Ramipril, Lorazepam, Doxycycline, Navelbine, Hyoscyamine, Minocycline, Ixabepilone, Lisinopril, Capecitabine, Tamoxifen, Nicotine, Azilsartan medoxomil, Cytarabine, Zoledronic acid, Kanamycin, Idarubicin, Tetracycline, Benazepril, Mycophenolate mofetil, Etoposide, Melphalan, Tigecycline, Felodipine, Diphenhydramine, Teniposide, Floxuridine, Mesna, BRD-K09295900, Methimazole, Acetaminophen, Moexipril, Streptozotocin, Mercaptopurine, Vincristine, Dexamethasone acetate, Fluconazole, Busulfan, Diazepam, Hydrochlorothiazide, Dasatinib, Gemcitabine, Alprazolam, Amikacin, Lomustine, Losartan, Pralatrexate, Sunitinib, Atropine, Azathioprine, Clofarabine, Dantroleno, Chlorthalidone, Demeclocycline, Belinostat, Flutamide, Exemestane, Verapamil, BRD-A93048969, Valsartan, Pamidronic acid, BRD-A04553218, Razoxane, Vinblastine, Voriconazole, Paclitaxel, Topiramate
